theme,name,item_url
스타워즈™,엔도™ 스피더 추격전 디오라마,https://lego.com/ko-kr/product/endor-speeder-chase-diorama-75353
스타워즈™,오비완 케노비의 제다이 스타파이터™,https://lego.com/ko-kr/product/tbd-ip-lsw-15-2022-75333
스타워즈™,다크 트루퍼™ 공격,https://lego.com/ko-kr/product/dark-trooper-attack-75324
스타워즈™,대고바™ 제다이 훈련 디오라마,https://lego.com/ko-kr/product/dagobah-jedi-training-diorama-75330
스타워즈™,스노우트루퍼™ 배틀 팩,https://lego.com/ko-kr/product/snowtrooper_battle_pack_75320
스타워즈™,만달로리안™ 열쇠고리,https://lego.com/ko-kr/product/the-mandalorian-key-chain-854124
스타워즈™,BD-1™,https://lego.com/ko-kr/product/bd-1-75335
스타워즈™,레이저 크레스트,https://lego.com/ko-kr/product/the-razor-crest-75292
스타워즈™,보바 펫의 우주선™ 마이크로파이터,https://lego.com/ko-kr/product/tdb-lsw-2023-1-75344
스타워즈™,테누 제다이 사원™,https://lego.com/ko-kr/product/75358
스타워즈™,시스™ 인퀴지터 수송선,https://lego.com/ko-kr/product/tbd-ip-lsw-18-2022-75336
스타워즈™,보바 펫의 우주선™,https://lego.com/ko-kr/product/boba-fetts-starship-75312
스타워즈™,오비완 케노비™와 다스베이더™,https://lego.com/ko-kr/product/tbd-sw2-40547
스타워즈™,R2-D2™,https://lego.com/ko-kr/product/r2-d2-75308
스타워즈™,데스스타™ 참호 돌파 디오라마,https://lego.com/ko-kr/product/tbd-ip-lsw11-2022-75329
스타워즈™,스톰트루퍼™ 열쇠고리,https://lego.com/ko-kr/product/stormtrooper-keyring-853946
스타워즈™,캡틴 렉스™ 헬멧,https://lego.com/ko-kr/product/tdb-lsw-2023-6-75349
스타워즈™,만달로리안™과 더 차일드,https://lego.com/ko-kr/product/the-mandalorian-the-child-75317
스타워즈™,밀레니엄 팔콘™,https://lego.com/ko-kr/product/millennium-falcon-75257
스타워즈™,레이아 공주™(보우시™) 헬멧,https://lego.com/ko-kr/product/tdb-lsw-2023-8-75351
스타워즈™,공화국 건쉽™,https://lego.com/ko-kr/product/republic-gunship-75309
스타워즈™,페릭스™의 매복,https://lego.com/ko-kr/product/ambush-on-ferrix-75338
스타워즈™,저스티파이어™,https://lego.com/ko-kr/product/tbd-ip-lsw4-2022-75323
스타워즈™,루크 스카이워커의 X-윙 파이터™,https://lego.com/ko-kr/product/tbd-ip-lsw7-2021-75301
스타워즈™,엔도™ 전투의 영웅들,https://lego.com/ko-kr/product/battle-of-endor-heroes-40623
스타워즈™,오비완 케노비™ VS 다스베이더™,https://lego.com/ko-kr/product/tbd-ip-lsw-16-2022-75334
스타워즈™,루크 스카이워커의 랜드스피더™,https://lego.com/ko-kr/product/luke-skywalker-s-landspeeder-75341
스타워즈™,데스스타™ 쓰레기장 디오라마,https://lego.com/ko-kr/product/tbd-ip-lsw21-2022-mdp-2-75339
스타워즈™,모스 에이슬리 칸티나™,https://lego.com/ko-kr/product/mos-eisley-cantina-75290
스타워즈™,다스베이더™ 열쇠고리,https://lego.com/ko-kr/product/darth-vader-key-chain-854236
스타워즈™,보바펫의 알현실,https://lego.com/ko-kr/product/boba-fett-s-throne-room-75326
스타워즈™,만달로리안 스타파이터™,https://lego.com/ko-kr/product/mandalorian-starfighter-75316
스타워즈™,다스베이더™ 명상 챔버,https://lego.com/ko-kr/product/tbd-ip-lsw-mdp1-75296
스타워즈™,스타워즈 제다이™와 클론 트루퍼™ 배틀 팩,https://lego.com/ko-kr/product/jedi-and-clone-troopers-battle-pack-75206
스타워즈™,다스베이더™ 헬멧,https://lego.com/ko-kr/product/darth-vader-helmet-75304
스타워즈™,제국의 라이트 크루저™,https://lego.com/ko-kr/product/imperial-light-cruiser-75315
스타워즈™,더 차일드,https://lego.com/ko-kr/product/tbd-lsw-extra2-2020-75318
스타워즈™,AT-ST™,https://lego.com/ko-kr/product/at-st-75332
스타워즈™,스타워즈 20주년 기념 - 슬레이브 l™,https://lego.com/ko-kr/product/slave-l-20th-anniversary-edition-75243
스타워즈™,페넥 샨드™ 열쇠고리,https://lego.com/ko-kr/product/fennec-shand-key-chain-854245
스타워즈™,스타워즈 20주년 기념 - 클론 스카우트 워커™,https://lego.com/ko-kr/product/clone-scout-walker-20th-anniversary-edition-75261
스타워즈™,투스켄 레이더™,https://lego.com/ko-kr/product/tusken-raider-40615
스타워즈™,스카우트 트루퍼™ 열쇠고리,https://lego.com/ko-kr/product/scout-trooper-key-chain-854246
스타워즈™,그로구™ 열쇠고리,https://lego.com/ko-kr/product/grogu-key-chain-854187
스타워즈™,제국의 타이 파이터™,https://lego.com/ko-kr/product/tbd-ip-lsw6-2021-75300
스타워즈™,애로우헤드,https://lego.com/ko-kr/product/the-arrowhead-75186
스타워즈™,레고® 스타워즈™ 호스 AT-ST™,https://lego.com/ko-kr/product/lego_star_wars_hoth_at-st_75322
스타워즈™,레고® 스타워즈™ 크리스마스 캘린더,https://lego.com/ko-kr/product/tbd-ip-lsw22-2022-advent-calendar-75340
스타워즈™,데스스타™ 최종 결전,https://lego.com/ko-kr/product/death-star-final-duel-75291
스타워즈™,아나킨의 포드레이서™ – 20주년 기념판,https://lego.com/ko-kr/product/anakin-s-podracer-20th-anniversary-edition-75258
